{
  "Mpl": 2.435e18,
  "t0": 4.35e17,
  "Leff": 1.0,
  "Aprime_UV": -0.300000000,
  "Aprime_IR": -0.299999998,
  "Tbar": 1.0e-12,
  "coeff": { "cB": 1.0, "cT": 1.0 }
}
