{
  "schema_version": 1,
  "inputs": {
    "Lambda4_file": "cert/cosmo/Lambda4.json",
    "units_file": "cert/units/eh_units.json",
    "met_file": "cert/obs/metrology_cosmo.json",
    "matter_file": "cert/obs/matter_EH.json"
  },
  "ledger": {
    "Lambda4_EH": 4.247780466250789e-84,
    "rho_r0_EH": 5.710990231481894e-88,
    "rho_gamma0_EH": 3.3766562933381127e-88,
    "rho_nu0_EH": 2.3343339381437805e-88,
    "rho_m0_EH": 1.9533589005386838e-84,
    "rho_k0_EH": 0.0,
    "eps_r": 0.00013444645449209325,
    "eps_m": 0.45985401459854014,
    "eps_k": 0.0,
    "matter_source": "explicit_EH_densities"
  },
  "anchors": {
    "H_L_GeV": 1.1899272339448309e-42,
    "H0_GeV": 1.4377888655632093e-42,
    "H0_s^-1": 2.184385820541464e-18,
    "H0_km/s/Mpc": 67.40310355772421,
    "h": 0.6740310355772421
  },
  "grid": [
    0.0,
    0.015,
    0.03,
    0.045,
    0.06,
    0.075,
    0.09,
    0.105,
    0.12,
    0.135,
    0.15,
    0.165,
    0.18,
    0.195,
    0.21,
    0.225,
    0.24,
    0.255,
    0.27,
    0.285,
    0.3,
    0.315,
    0.33,
    0.345,
    0.36,
    0.375,
    0.39,
    0.405,
    0.42,
    0.435,
    0.45,
    0.465,
    0.48,
    0.495,
    0.51,
    0.525,
    0.54,
    0.555,
    0.57,
    0.585,
    0.6,
    0.615,
    0.63,
    0.645,
    0.66,
    0.675,
    0.69,
    0.705,
    0.72,
    0.735,
    0.75,
    0.765,
    0.78,
    0.795,
    0.81,
    0.825,
    0.84,
    0.855,
    0.87,
    0.885,
    0.9,
    0.915,
    0.93,
    0.945,
    0.96,
    0.975,
    0.99,
    1.005,
    1.02,
    1.035,
    1.05,
    1.065,
    1.08,
    1.095,
    1.11,
    1.125,
    1.14,
    1.155,
    1.17,
    1.185,
    1.2,
    1.215,
    1.23,
    1.245,
    1.26,
    1.275,
    1.29,
    1.305,
    1.32,
    1.335,
    1.35,
    1.365,
    1.38,
    1.395,
    1.41,
    1.425,
    1.44,
    1.455,
    1.47,
    1.485,
    1.5,
    1.515,
    1.53,
    1.545,
    1.56,
    1.575,
    1.59,
    1.605,
    1.62,
    1.635,
    1.65,
    1.665,
    1.68,
    1.695,
    1.71,
    1.725,
    1.74,
    1.755,
    1.77,
    1.785,
    1.8,
    1.815,
    1.83,
    1.845,
    1.86,
    1.875,
    1.89,
    1.905,
    1.92,
    1.935,
    1.95,
    1.965,
    1.98,
    1.995,
    2.01,
    2.025,
    2.04,
    2.055,
    2.07,
    2.085,
    2.1,
    2.115,
    2.13,
    2.145,
    2.16,
    2.175,
    2.19,
    2.205,
    2.22,
    2.235,
    2.25,
    2.265,
    2.28,
    2.295,
    2.31,
    2.325,
    2.34,
    2.355,
    2.37,
    2.385,
    2.4,
    2.415,
    2.43,
    2.445,
    2.46,
    2.475,
    2.49,
    2.505,
    2.52,
    2.535,
    2.55,
    2.565,
    2.58,
    2.595,
    2.61,
    2.625,
    2.64,
    2.655,
    2.67,
    2.685,
    2.7,
    2.715,
    2.73,
    2.745,
    2.76,
    2.775,
    2.79,
    2.805,
    2.82,
    2.835,
    2.85,
    2.865,
    2.88,
    2.895,
    2.91,
    2.925,
    2.94,
    2.955,
    2.97,
    2.985,
    3.000000000001,
    3.0903455329335032,
    3.1834118376396248,
    3.2792808506446565,
    3.378036976006905,
    3.4797671596278863,
    3.584560965800386,
    3.692510656061778,
    3.803711270422024,
    3.9182607110378678,
    4.036259828406897,
    4.157812510157348,
    4.283025772511838,
    4.412009854505538,
    4.544878315041746,
    4.681748132870308,
    4.822739809576902,
    4.9679774756738615,
    5.117588999885954,
    5.271706101727307,
    5.430464467468615,
    5.594003869596718,
    5.7624682898717285,
    5.936006046090041,
    6.114769922664837,
    6.2989173051390415,
    6.488610318749163,
    6.684015971162008,
    6.885306299509939,
    7.092658521854119,
    7.306255193209105,
    7.526284366266147,
    7.752939756956699,
    7.9864209150019025,
    8.2269333995982,
    8.474688960393756,
    8.729905723914996,
    8.992808385607445,
    9.263628407659883,
    9.542604222786027,
    9.829981444143117,
    10.12601308157226,
    10.430959764350874,
    10.745089970653362,
    11.068680263922046,
    11.40201553635644,
    11.74538925973526,
    12.09910374379197,
    12.463470402371359,
    12.838810027601474,
    13.225453072322285,
    13.623739941019743,
    14.034021289521357,
    14.456658333717185,
    14.892023167577971,
    15.340499090750493,
    15.802480946018484,
    16.27837546692625,
    16.76860163587103,
    17.2735910529794,
    17.793788316092407,
    18.329651412194067,
    18.881652120627777,
    19.45027642845567,
    20.036024958326585,
    20.63941340922937,
    21.26097301051952,
    21.90125098961896,
    22.56081105380062,
    23.240233886482102,
    23.940117658465283,
    24.661078554572,
    25.403751316139466,
    26.16878979985301,
    26.956867553408205,
    27.768678408509125,
    28.604937091724864,
    29.46637985374211,
    30.353765117567786,
    31.267874146252378,
    32.209511730721935,
    33.179506898324206,
    34.17871364271279,
    35.20801167571189,
    36.268307201823525,
    37.36053371605933,
    38.485652825798994,
    39.644655097399315,
    40.838560928298854,
    42.068421445386335,
    43.33531943042344,
    44.640370273336956,
    45.98472295421948,
    47.36956105490317,
    48.79610380099735,
    50.26560713530715,
    51.77936482357836,
    53.33870959354208,
    54.94501430826173,
    56.599693174815826,
    58.30420298938022,
    60.06004441980644,
    61.86876332682491,
    63.73195212503659,
    65.65125118489102,
    67.62835027688523,
    69.66499005925495,
    71.76296361046789,
    73.92411800786836,
    76.150355953863,
    78.44363745107943,
    80.80598152797258,
    83.23946801639799,
    85.74623938271701,
    88.328502614046,
    90.98853116131045,
    93.72866694081428,
    96.551322396087,
    99.4589826218235,
    102.45420755178691,
    105.53963421260038,
    108.71797904541226,
    111.99204029747867,
    115.36470048576889,
    118.83892893476288,
    122.4177843906747,
    126.10441771440405,
    129.9020746555864,
    133.81409871018403,
    137.84393406413406,
    141.995128625645,
    146.27133714881134,
    150.67632445129627,
    155.2139687289158,
    159.88826497004186,
    164.7033284728308,
    169.66339846837417,
    174.77284185296077,
    180.03615703273695,
    185.4579778841493,
    191.04307783365672,
    196.79637406030395,
    202.72293182485612,
    208.82796892930614,
    215.11686031068083,
    221.59514277319045,
    228.26851986288756,
    235.14286688912736,
    242.22423609724996,
    249.518861997039,
    257.03316685164793,
    264.7737663318257,
    272.7474753404214,
    280.96131401229366,
    289.42251389490986,
    298.13852431507377,
    307.1170189373893,
    316.36590252023285,
    325.893317875184,
    335.70765303603906,
    345.81754864372266,
    356.2319055535955,
    366.9598926718588,
    378.0109550279529,
    389.3948220900574,
    401.1215163310147,
    413.20136205221706,
    425.64499447322754,
    438.4633690951353,
    451.6677713458912,
    465.2698265161135,
    479.2815099941127,
    493.7151578091455,
    508.5834774921813,
    523.8995592637418,
    539.6768875586653,
    555.9293528979407,
    572.6712641180637,
    589.9173609686836,
    607.6828270896282,
    625.9833033787363,
    644.8349017622636,
    664.2542193799871,
    684.2583531974968,
    704.8649150585383,
    726.0920471906602,
    747.9584381778171,
    770.4833394139888,
    793.686582052305,
    817.5885944645944,
    842.2104202267329,
    867.5737366456217,
    893.7008738441102,
    920.6148344206646,
    948.3393137010897,
    976.8987206001366,
    1006.3181991113602,
    1036.6236504441476,
    1067.8417558274084,
    1100.0
  ],
  "note": "C_obs deterministic: H(z) from \u039b4 + SM radiation (+ optional EH-densities for matter/curvature)."
}