{
  "z_H": 0.001,
  "lambda_B": 1.0,
  "H0": 1.0,
  "use_sterile_chirality": "L",
  "use_L_chirality": "L",
  "y4D": -0.00012463636463934006,
  "sin2_2theta": 0.9999999430291012
}