{
  "masses": [
    1.4636472595078028e-05,
    0.00042715455870927937,
    0.0007697813975885485,
    0.0011089903262325419,
    0.0014471597806289622,
    0.0017848724876560213
  ],
  "m_s": 1.4636472595078028e-05
}