{
  "Mhat": 2.160561303720661e-11,
  "DeltaZ": 25.435545339907723,
  "j01": 2.404825557695773,
  "PASS": true
}