{
  "gate": "BVP_DELTAZ",
  "kind": "ledger-only_consistency",
  "inputs": {
    "deltaZ_flux_cert": "../holo_DeltaZ/certs/DeltaZ.json",
    "eps_width": 1e-09,
    "eps_res": 1e-12
  },
  "DeltaZ_min": 25.435545339906724,
  "DeltaZ_max": 25.43554533990872,
  "width": 1.9966250874858815e-12,
  "DeltaZ_flux_ref": 25.435545339907723,
  "PASS": true
}