{
  "spin_X": "scalar",
  "m_X_GeV": 0.00010723458100768335,
  "TR_input_GeV": 1000000000000000.0,
  "Mpl_reduced_GeV": 2.435e+18,
  "gstar": 106.75,
  "gstars": 106.75,
  "C_eff": 10.870833333333334,
  "Y_infinity": 1.535744280135288e-14,
  "Omega_h2_at_TR_input": 4.518714688558244e-10,
  "TR_required_for_target_Omega_h2": 6.427697676163471e+17,
  "target_Omega_h2": 0.12
}