{
  "alpha": -0.2500000000485771,
  "C_log": -0.12500000002428854,
  "alpha_th": -0.25,
  "C_log_th": -0.125,
  "K": 9,
  "eta": 0.1,
  "s_window": [
    1e-14,
    1e-08
  ],
  "modes_used": 150,
  "prec": 160,
  "used_tail": true
}