{
  "alpha2_inv_UV": 153819.71278826066,
  "alpha3_inv_UV": 153819.71278826066,
  "alpha2_UV": 6.501117326727442e-06,
  "alpha3_UV": 6.501117326727442e-06,
  "unification": true,
  "cycle": "Sigma3",
  "VolSigma3": 5.139400829541474,
  "VolX5": 8.887716336143113,
  "PASS": true
}