{
  "alpha_holo": -0.24999999995142141,
  "alpha_KK": -0.2500000000485771,
  "C_holo": -0.12499999997571071,
  "C_KK": -0.12500000002428854,
  "rel_err": 4.857783619804934e-11,
  "pass_gate_E": true
}