{
  "alpha_holo": -0.24999999995142141,
  "alpha_kk": -0.2500000000485771,
  "alpha_diff": 9.715567239609868e-11,
  "alpha_pass": true,
  "C_log_holo": -0.12499999997571071,
  "C_log_kk": -0.12500000002428854,
  "C_log_diff": 4.857783619804934e-11,
  "C_log_pass": true,
  "abs_tol": 2e-10,
  "rel_tol": 1e-10,
  "PASS": true
}