{
  "lambda_UV": 2.881145787716405,
  "lambda_IR": -0.5188542122835949,
  "delta_uniform": 0.8811457877164051
}