{
  "alpha": -0.24999999998542644,
  "C_log": -0.12499999999271322,
  "alpha_th": -0.25,
  "C_log_th": -0.125,
  "K": 9,
  "eta": 0.1,
  "s_window": [
    3e-15,
    3e-09
  ],
  "prec": 160
}