{
  "alpha": -0.24999999995142141,
  "C_log": -0.12499999997571071,
  "alpha_th": -0.25,
  "C_log_th": -0.125,
  "K": 9,
  "eta": 0.1,
  "s_window": [
    1e-14,
    1e-08
  ],
  "prec": 160
}