{"epsilon_rad": 1.344464545e-4, "epsilon_mat": 0.4598540146, "epsilon_curv": 0.0}
