{
  "status": "PASS",
  "uv_toric": "CY_cone_on_dP3",
  "N": 6,
  "q": 8,
  "S_inst": 150.79644737231007,
  "theta_allowed_rad": [
    0.0,
    2.0943951023931953,
    4.1887902047863905
  ],
  "fa_GeV": 9999999999999942.0,
  "eta": 1.0152864695891224,
  "mu_req_sc_GeV": 6605770.644696086,
  "Ms_GeV": 6506312.102602316,
  "T_osc_GeV": 24890118.172913235,
  "Gstar_at_Tosc": 106.75,
  "hash": "b86e0e88dc326c36b36fcc7b09b45c3f75b9eebee439d4c25c335eded8408b72"
}