{
  "sin2_thetaW": 0.23122,
  "alpha_EM": 0.0072973525693,
  "alpha_s": 0.1181
}
