{
  "schema_version": 1,
  "inputs": {
    "Omega_m0": 0.315,
    "Omega_k0": 0.0,
    "H0_km_s_Mpc": 67.4
  },
  "conversions": {
    "H0_s^-1": 2.1842852410855023e-18,
    "H0_GeV": 1.4377226629626767e-42
  },
  "rho_m0_EH": 1.9533589005386838e-84,
  "rho_k0_EH": 0.0
}