{
  "source": "cert/DM/axion/axion_ew_rot.json",
  "note": "Minimal, two-body decays only (\u03b3\u03b3, gg). PDG-like normalization.",
  "fa_GeV": 2.435e+18,
  "ma_GeV": 2.3408624229979466e-21,
  "g_phys_GeV^-1": {
    "g_agamma": 6.3136236332602704e-21,
    "g_agg": 2.7789041316201326e-19
  },
  "widths_GeV": {
    "Gamma_gg": 3.941258674568205e-101,
    "Gamma_gammagamma": 2.5430517745020104e-105,
    "Gamma_tot": 3.941512979745655e-101
  },
  "BR": {
    "gg": 0.9999354803146007,
    "gammagamma": 6.451968539923755e-05
  },
  "status": "PASS"
}