{
  "input_couplings_file": "cert/DM/axion/axion_couplings_norm.json",
  "metrology_file": "cert/DM/metrology.json",
  "sin2_thetaW": 0.23122,
  "alpha_EM": 0.0072973525693,
  "alpha_s": 0.1181,
  "C_rot": {
    "aGG": 36.0,
    "aWW": 24.0,
    "aYY": 10.0,
    "aagamma": 13.237080000000002,
    "aZgamma": 11.805157021166641,
    "aZZ": 20.762920000000005
  },
  "g_hat": {
    "aGG": 36.0,
    "aWW": 24.0,
    "aYY": 10.0,
    "aagamma": 13.237080000000002,
    "aZgamma": 11.805157021166641,
    "aZZ": 20.762920000000005
  },
  "g_phys_GeV^-1": {
    "g_agg": 6.766631560495023e-13,
    "g_aWW": 2.7873833589322505e-14,
    "g_aYY": 1.1614097328884378e-14,
    "g_agamma": 1.5373673547022884e-14,
    "g_aZgamma": 1.3710624262659214e-14,
    "g_aZZ": 2.4114257371184007e-14
  },
  "fa_GeV": 1000000000000.0
}