{
  "schema_version": 1,
  "Omega_ref": 5073495.0,
  "m_ref_GeV": 2.3408624229979466e-21,
  "Omega_target": 0.12,
  "m_target_GeV": 1.3095554997178011e-36
}