{
  "alphaY_inv_UV": 307639.4255765213,
  "alphaY_UV": 3.250558663363721e-06,
  "kY": 2.0,
  "PASS": true
}